ID;APLICA;Estado;Subaplicación;Funcionalidades;Severidad;Prioridad;Título;Descripción;Descripción PC1;Verificado PC1;Descripción PC2;Verificado PC2;Descripción PC3;Verificado PC3;Descripción P1;Entrada Manual P1;SCT TEST P1;SCT ANTE P1;Resultado Esperado P1;RESULTADO CP;Salida Obtenida P1;Descripción P2;Entrada Manual P2;SCT TEST P2;SCT ANTE P2;Resultado Esperado P2;Salida Obtenida P2;Descripción P3;Entrada Manual P3;SCT TEST P3;SCT ANTE P3;Resultado Esperado P3;Salida Obtenida P3;Comentarios;Dependencias CPs;Items
CPSCM001;;Definición;DISTRIBUIDOR;NAT:BIZTALK;Mayor;900;BIZ-0.01 Solo Biztalk 2006 (SCTBIZT) TEST;Esta prueba consiste en la carga inicial y en la distribución a test de una subaplicación biztalk sin catalogar ni en el formulario de paquete ni en el formulario de infra;Subaplicación Biztalk sin catalogar en el formulario de paquete;;Aplicación sin catalogar en el formulario de infra;;;;Distribución de la aplicación;NA;;PRUEBA_BIZTALK_2006;Pase finalizado correctamente. Comprobar Log de Pase y verificar que no haya errores. En el caso de warnings en el log, analizar las causas, decidir al respecto y reflejar las conclusiones en los comentarios de la ejecución.;;;;;;;;;;;;;;;;;Automático
CPSCM002;;Definición;DISTRIBUIDOR;NAT:BIZTALK;Mayor;900;BIZ-0.02 Solo Biztalk 2010 (SCTBZ10) TEST;Esta prueba consiste en la carga inicial y en la distribución a test de una subaplicación biztalk sin catalogar ni en el formulario de paquete ni en el formulario de infra;Subaplicación Biztalk sin catalogar en el formulario de paquete;;Aplicación sin catalogar en el formulario de infra;;;;Distribución de la aplicación;NA;;PRUEBA_BIZTALK_2010;Pase finalizado correctamente. Comprobar Log de Pase y verificar que no haya errores. En el caso de warnings en el log, analizar las causas, decidir al respecto y reflejar las conclusiones en los comentarios de la ejecución.;;;;;;;;;;;;;;;;;Automático
CPSCM003;;Definición;DISTRIBUIDOR;NAT:BIZTALK;Mayor;900;BIZ-0.11 Solo Biztalk 2006 (SCTBIZT) TEST;Esta prueba consiste en la carga inicial y en la distribución a test de una subaplicación biztalk sin catalogar en el formulario de paquete ;Subaplicación Biztalk sin catalogar en el formulario de paquete;;;;;;Distribución de la aplicación;NA;;PRUEBA_BIZTALK_2006;Pase finalizado correctamente. Comprobar Log de Pase y verificar que no haya errores. En el caso de warnings en el log, analizar las causas, decidir al respecto y reflejar las conclusiones en los comentarios de la ejecución.;;;;;;;;;;;;;;;;;Automático
CPSCM004;;Definición;DISTRIBUIDOR;NAT:BIZTALK;Mayor;900;BIZ-0.12 Solo Biztalk 2010 (SCTBZ10) TEST;Esta prueba consiste en la carga inicial y en la distribución a test de una subaplicación biztalk sin catalogar ni en el formulario de paquete ;Subaplicación Biztalk sin catalogar en el formulario de paquete;;;;;;Distribución de la aplicación;NA;;PRUEBA_BIZTALK_2010;Pase finalizado correctamente. Comprobar Log de Pase y verificar que no haya errores. En el caso de warnings en el log, analizar las causas, decidir al respecto y reflejar las conclusiones en los comentarios de la ejecución.;;;;;;;;;;;;;;;;;Automático
CPSCM005;CORE;Definición;DISTRIBUIDOR;NAT:BIZTALK;Mayor;900;BIZ-01 Solo Biztalk 2006 (SCTBIZT) TEST;Esta prueba consiste en la distribución a test de una subaplicación biztalk 2006 catalogada correctamente;Subaplicación Biztalk 2006 catalogada correctamente en el formulario de paquete ;;Aplicación catalogada correctamente en el formulario de infra;;;;Distribución de la aplicación;NA;"SCT.N-000227 BIZTALK-2006
(NO FUNCIONA - MIRA LUISMI)";PRUEBA_BIZTALK_2006;Pase finalizado correctamente. Comprobar Log de Pase y verificar que no haya errores. En el caso de warnings en el log, analizar las causas, decidir al respecto y reflejar las conclusiones en los comentarios de la ejecución.;;;;;;;;;;;;;;;;;Automático
CPSCM006;CORE;Disponible;DISTRIBUIDOR;NAT:BIZTALK;Mayor;900;BIZ-02 Solo Biztalk 2010 (SCTBZ10) TEST;Esta prueba consiste en la distribución a test de una subaplicación biztalk 2010 catalogada correctamente;Subaplicación Biztalk 2010 catalogada correctamente en el formulario de paquete ;OK;Aplicación catalogada correctamente en el formulario de infraestructura.;OK;;;Distribución de la aplicación;NA;SCT.N-000226 BIZTALK-2010;PRUEBA_BIZTALK_2010;Pase finalizado correctamente. Comprobar Log de Pase y verificar que no haya errores. En el caso de warnings en el log, analizar las causas, decidir al respecto y reflejar las conclusiones en los comentarios de la ejecución.;Correcto;\\Cntdat01\grp1$\inf\Gen36c2\Productos\SCM\Proyecto Sistema de Gestión de Pruebas SCM\4. Pruebas\Ejecución\2ª Ejecución - 26062013\Log Pase (N_TEST0000025841).mht;;;;;;;;;;;;;"Se revisa el log y el pase se da por finalizado con éxito. Sólo muestra un warning de ""Error parando la aplicación Bde.Aps.SCTBZ10"".";;Automático
CPSCM007;;Definición;DISTRIBUIDOR;NAT:BIZTALK;Mayor;900;BIZ-03 Solo Biztalk 2006 (SCTBIZT) TEST;Esta prueba consiste en la distribución a test de una subaplicación biztalk 2006 catalogada correctamente, sin definir el servidor de staging correctamente;Subaplicación Biztalk 2006 catalogada correctamente;;Subaplicación Biztalk 2006 sin definir en el servidor de staging correctamente;;;;Distribución de la aplicación;NA;;PRUEBA_BIZTALK_2006;Pase finalizado correctamente. Comprobar Log de Pase y verificar que no haya errores. En el caso de warnings en el log, analizar las causas, decidir al respecto y reflejar las conclusiones en los comentarios de la ejecución.;;;;;;;;;;;;;;;;;Automático
CPSCM008;;Definición;DISTRIBUIDOR;NAT:BIZTALK;Mayor;900;BIZ-04 Solo Biztalk 2010 (SCTBZ10) TEST;Esta prueba consiste en la distribución a test de una subaplicación biztalk 2010 catalogada correctamente, sin definir el servidor de staging correctamente;Subaplicación Biztalk 2010 catalogada correctamente;;Subaplicación Biztalk 2010 sin definir en el servidor de staging correctamente;;;;Distribución de la aplicación;NA;;PRUEBA_BIZTALK_2010;Pase finalizado correctamente. Comprobar Log de Pase y verificar que no haya errores. En el caso de warnings en el log, analizar las causas, decidir al respecto y reflejar las conclusiones en los comentarios de la ejecución.;;;;;;;;;;;;;;;;;Automático
CPSCM009;;Definición;DISTRIBUIDOR;NAT:BIZTALK;Mayor;900;BIZ-05 Solo Biztalk 2006 (SCTBIZT) TEST;Esta prueba consiste en la distribución a test de una subaplicación biztalk 2006 catalogada correctamente con todos los parametros definidos correctamente.;Subaplicación Biztalk 2006 catalogada correctamente con todos los parámetros bien establecidos.;;;;;;Distribución de la aplicación;NA;;PRUEBA_BIZTALK_2006;Pase finalizado correctamente. Comprobar Log de Pase y verificar que no haya errores. En el caso de warnings en el log, analizar las causas, decidir al respecto y reflejar las conclusiones en los comentarios de la ejecución.;;;;;;;;;;;;;;;;;Automático
CPSCM010;;Definición;DISTRIBUIDOR;NAT:BIZTALK;Mayor;900;BIZ-06 Solo Biztalk 2010 (SCTBZ10) TEST;Esta prueba consiste en la distribución a test de una subaplicación biztalk 2010 catalogada correctamente con todos los parametros definidos correctamente.;Subaplicación Biztalk 2010 catalogada correctamente con todos los parámetros bien establecidos.;;;;;;Distribución de la aplicación;NA;;PRUEBA_BIZTALK_2010;Pase finalizado correctamente. Comprobar Log de Pase y verificar que no haya errores. En el caso de warnings en el log, analizar las causas, decidir al respecto y reflejar las conclusiones en los comentarios de la ejecución.;;;;;;;;;;;;;;;;;Automático
CPSCM011;CORE;Definición;DISTRIBUIDOR;NAT:BIZTALK;Mayor;900;BIZ-07 RESTORE Solo Biztalk 2006 (SCTBIZT) TEST;Se realiza un restore de la subaplicación, para ello tiene que haber llegado correctamente hasta un entorno en el que se pueda restaurar.;Subaplicación Biztalk 2006 desplegada correctamente hasta un entorno en el que se pueda restaurar.;;;;;;Distribución de la aplicación;NA;"SCT.N-000227 BIZTALK-2006
(NO FUNCIONA - MIRA LUISMI)";PRUEBA_BIZTALK_2006;Pase finalizado correctamente. Comprobar Log de Pase y verificar que no haya errores. En el caso de warnings en el log, analizar las causas, decidir al respecto y reflejar las conclusiones en los comentarios de la ejecución.;;;Restaurar subaplicación al estado anterior al despliegue;;;PRUEBA_BIZTALK_2006;Restaurar finalizado correctamente. Comprobar log de restauración y verificar que no haya errores. En el caso de warnings en el log, analizar las causas, decidir al respecto y reflejar las conclusiones en los comentarios de la ejecución.;;;;;;;;;;Automático
CPSCM012;CORE;Disponible;DISTRIBUIDOR;NAT:BIZTALK;Mayor;900;BIZ-08 RESTORE Solo Biztalk 2010 (SCTBZ10) TEST;Se realiza un restore de la subaplicación, para ello tiene que haber llegado correctamente hasta un entorno en el que se pueda restaurar.;Subaplicación Biztalk 2010 desplegada correctamente hasta un entorno en el que se pueda restaurar (Preproducción).;OK;Aplicación catalogada correctamente en el formulario de infraestructura.;OK;;;Distribución de la aplicación a Preproducción;NA;SCT.N-000226 BIZTALK-2010;PRUEBA_BIZTALK_2010;Pase finalizado correctamente. Comprobar Log de Pase y verificar que no haya errores. En el caso de warnings en el log, analizar las causas, decidir al respecto y reflejar las conclusiones en los comentarios de la ejecución.;Correcto;\\Cntdat01\grp1$\inf\Gen36c2\Productos\SCM\Proyecto Sistema de Gestión de Pruebas SCM\4. Pruebas\Ejecución\2ª Ejecución - 26062013\Log Pase (N_ANTE0000025848).mht;Restaurar subaplicación al estado anterior al despliegue;;SCT.N-000226 BIZTALK-2010;PRUEBA_BIZTALK_2010;Restaurar finalizado correctamente. Comprobar log de restauración y verificar que no haya errores. En el caso de warnings en el log, analizar las causas, decidir al respecto y reflejar las conclusiones en los comentarios de la ejecución.;\\Cntdat01\grp1$\inf\Gen36c2\Productos\SCM\Proyecto Sistema de Gestión de Pruebas SCM\4. Pruebas\Ejecución\2ª Ejecución - 26062013\Log Pase (B_ANTE0000025850).mht;;;;;;;"Se reviasa el log de RESTORE y se da por finalizado con écito. Sólo se muestra un warning de ""Error parando la aplicación Bde.APS.SCTBZ10""";CPSCM006;Automático
CPSCM013;;Definición;DISTRIBUIDOR;NAT:BIZTALK;Mayor;900;BIZ-13 Solo Biztalk 2006 (SCTBIZT) TEST;Esta prueba consiste en la distribución a test de una subaplicación biztalk 2006 catalogada correctamente, seleccionando un servidor Biz 2010 como destino, comprobar que el pase falla por la incompatibilidad de versiones.;Subaplicación Biztalk 2006;;Selección ServiDor Biz 2010 como destino;;;;Distribución de la aplicación seleccionando servidor Biz 2010 como destino.;NA;;PRUEBA_BIZTALK_2006;Pase finalizado con errores. Comprobar Log de Pase y verificar fallo por incompatibilidad de versiones.;;;;;;;;;;;;;;;;;Automático
CPSCM014;;Definición;DISTRIBUIDOR;NAT:BIZTALK;Mayor;900;BIZ-14 Solo Biztalk 2010 (SCTBZ10) TEST;Esta prueba consiste en la distribución a test de una subaplicación biztalk 2010 catalogada correctamente, seleccionando un servidor Biz 2006 como destino, comprobar que el pase falla por la incompatibilidad de versiones.;Subaplicación Biztalk 2010;;Selección ServiDor Biz 2006 como destino;;;;Distribución de la aplicación seleccionando servidor Biz 2006 como destino.;NA;SCT.N-000226 BIZTALK-2010;PRUEBA_BIZTALK_2010;Pase finalizado con errores. Comprobar Log de Pase y verificar fallo por incompatibilidad de versiones.;;;;;;;;;;;;;;;;;Automático
CPSCM015;CORE;Disponible;DISTRIBUIDOR;NAT:BIZTALK;Mayor;900;BIZ-19 PURGA Biztalk 2010;Comprobar que cuando lanzamos la purga de scm se realiza tambien en el nuevo servidor de staging de biztalk.;;;;;;;Lanzar PURGA de SCM;NA;SIN PAQUETE;PRUEBA_BIZTALK_2010;Comprobar que la PURGA se realiza también en el nuevo servidor de staging de BIZTALK. Verificar Log del distribuidor.;Correcto;\\Cntdat01\grp1$\inf\Gen36c2\Productos\SCM\Proyecto Sistema de Gestión de Pruebas SCM\4. Pruebas\Ejecución\2ª Ejecución - 26062013\(CPSCM0015 - Purga BIZTALK - OutputLog HARV);;;;;;;;;;;;;Se revisa el Output Log de Harvest y se verifica que haya una entrada correspondiente al servidor de BIZTALK.;;Automático
CPSCM016;;Definición;DISTRIBUIDOR;NAT:BIZTALK;Mayor;900;BIZ-20 MSI 2006 y 2010;"El proceso ""Construir MSI: Pase a <Entorno>"" tiene que crear un MSI sin distribución tanto para 2006 y 2010.";;;;;;;"Lanzar el proceso ""Construir MSI: Pase a <Entorno>""";NA;SCT.N-000226 BIZTALK-2010;;Comprobar que se crea un MSI sin distribución tanto para 2006 como para 2010.;;;;;;;;;;;;;;;;;Automático
CPSCM017;CORE;Disponible;DISTRIBUIDOR;NAT:BIZTALK;Mayor;900;BIZ-21 Biztalk 2010 que usa EAI (DTEBTS);Pase de Biztalk 2010 que use la librería pública EAI.;Asegurarse que la aplicación utiliza la librería pública EAI revisando el formulario de infraestructura.;OK;;;;;Distribución de la aplicación;NA;SCT.N-000226 BIZTALK-2010;DTE.N-000001 DTEBTS biztalk 2010 subida inicial;Pase finalizado correctamente. Comprobar Log de Pase y verificar que no haya errores. En el caso de warnings en el log, analizar las causas, decidir al respecto y reflejar las conclusiones en los comentarios de la ejecución.;Correcto;\\Cntdat01\grp1$\inf\Gen36c2\Productos\SCM\Proyecto Sistema de Gestión de Pruebas SCM\4. Pruebas\Ejecución\2ª Ejecución - 26062013\Log Pase (N_TEST0000025841).mht;;;;;;;;;;;;;Se revisa el log y se comprueba que ejecuta los pasos correspondientes a la utilización de la librería pública.;CPSCM006;Automático
CPSCM018;CORE;Disponible;DISTRIBUIDOR;NAT:BIZTALK;Mayor;900;BIZ-22 General Biztalk 2010 (SCTBZ10);"Pase de biztalk que tenga el campo del formulario ""¿Parar instancias en ejecución?"" a Si y comprobar que para los procesos. ";"Campo del formulario ""¿Parar instancias en ejecución?"" a Sí";OK;;;;;Distribución de la aplicación;NA;SCT.N-000226 BIZTALK-2010;PRUEBA_BIZTALK_2010;Comprobar que se paran los procesos en ejecución y que el pase ha finalizado correctamente. Comprobar Log de Pase y verificar que no haya errores. En el caso de warnings en el log, analizar las causas, decidir al respecto y reflejar las conclusiones en los comentarios de la ejecución.;Correcto;\\Cntdat01\grp1$\inf\Gen36c2\Productos\SCM\Proyecto Sistema de Gestión de Pruebas SCM\4. Pruebas\Ejecución\2ª Ejecución - 26062013\Log Pase (N_TEST0000025841).mht;;;;;;;;;;;;;Se comprueba en el log que detecta la necesidad de parar las instancias en ejecución, no consigue detenerla pero se lanza el script de parada que se asume correcto por lo que la prueba se da por ok.;CPSCM006;Automático
CPSCM019;;Definición;DISTRIBUIDOR;NAT:BIZTALK;Mayor;900;BIZ-23 General Biztalk 2010 (SCTBZ10);"Pase de biztalk que tenga el campo del formulario ""¿Parar instancias en ejecución?"" a No.";"Campo del formulario ""¿Parar instancias en ejecución?"" a No";;;;;;Distribución de la aplicación;NA;;PRUEBA_BIZTALK_2010;Comprobar que NO se paran los procesos en ejecución y  que el pase ha finalizado correctamente. Comprobar Log de Pase y verificar que no haya errores. En el caso de warnings en el log, analizar las causas, decidir al respecto y reflejar las conclusiones en los comentarios de la ejecución.;;;;;;;;;;;;;;;;;Automático
CPSCM020;CORE;Disponible;DISTRIBUIDOR;NAT:BIZTALK;Normal;900;BIZ-31 General Biztalk 2010 (SCTBZ10);Comprobar que en la distribución Biztalk se acceden a todos los links del pase disponibles en el Log correspondiente.;;;;;;;Distribución de la aplicación;NA;SCT.N-000226 BIZTALK-2010;PRUEBA_BIZTALK_2010;Pase finalizado correctamente. Comprobar Log de Pase y verificar que no haya errores. En el caso de warnings en el log, analizar las causas, decidir al respecto y reflejar las conclusiones en los comentarios de la ejecución.;Incorrecto;\\Cntdat01\grp1$\inf\Gen36c2\Productos\SCM\Proyecto Sistema de Gestión de Pruebas SCM\4. Pruebas\Ejecución\2ª Ejecución - 26062013\Log Pase (N_TEST0000025841).mht;Acceder al LOG del pase que corresponda;LOG generado en el paso anterior;;;Todos los links disponibles en el LOG correspondiente del pase deben ser accesibles.;\\Cntdat01\grp1$\inf\Gen36c2\Productos\SCM\Proyecto Sistema de Gestión de Pruebas SCM\4. Pruebas\Ejecución\2ª Ejecución - 26062013\Log Pase (N_TEST0000025841).mht;;;;;;;"Se revisa el log y se comprueban uno por uno los links presentes en el mismo. El primer link correspondiente a la entrada ""2013-06-26 11:15:39 Infraestructura de la aplicación 'SCT' """;CPSCM006;Automático
CPSCM021;CORE;Disponible;DISTRIBUIDOR;NAT:BIZTALK;Mayor;900;BIZ-41 Rápido Biztalk 2010 (SCTBZ10);Se genera un paquete rápido para probar distribuciones de biztalk con ciclo rápido;;;;;;;Distribución de la aplicación;NA;SCT.R-000328 BIZTALK (Ciclo Rápido);PRUEBA_BIZTALK_2010_01;Pase RÁPIDO finalizado correctamente. Comprobar Log de Pase y verificar que no haya errores. En el caso de warnings en el log, analizar las causas, decidir al respecto y reflejar las conclusiones en los comentarios de la ejecución.;Correcto;\\Cntdat01\grp1$\inf\Gen36c2\Productos\SCM\Proyecto Sistema de Gestión de Pruebas SCM\4. Pruebas\Ejecución\2ª Ejecución - 26062013\Log Pase (N_TEST0000025843).mht;;;;;;;;;;;;;"Se revisa el log y el pase se da por finalizaco con éxito. Sólo se muestra un warning de ""Error paranado la aplicación Bde.Aps.SCTBZ10""";;Automático
CPSCM022;;Definición;DISTRIBUIDOR;NAT:BIZTALK;Mayor;900;BIZ-51 Correctivo Biztalk 2010 (SCTBZ10);Se genera un paquete correctivo para probar distribuciones de biztalk con ciclo correctivo;;;;;;;Distribución de la aplicación;NA;;PRUEBA_BIZTALK_2010_02;Pase CORRECTIVO finalizado correctamente. Comprobar Log de Pase y verificar que no haya errores. En el caso de warnings en el log, analizar las causas, decidir al respecto y reflejar las conclusiones en los comentarios de la ejecución.;;;;;;;;;;;;;;;;;Automático
CPSCM023;;Definición;DISTRIBUIDOR;NAT:BIZTALK;Mayor;900;BIZ-61 Emergencia Biztalk 2010 (SCTBZ10);Se genera un paquete de emergencia para probar distribuciones de biztalk con ciclo de emergencia. ESTE DEBERÁ CREARSE EN EL MOMENTO DE LA PRUEBA Y BORRARSE JUSTO DESPUES YA QUE BLOQUEA EL RESTO DE PASES.;CREAR EL PAQUETE EXCLUSIVAMENTE EN EL MOMENTO DE LA PRUEBA Y BORRARLO JUSTO DESPUES YA QUE BLOQUEA EL RESTO DE PASES.;;;;;;Distribución de la aplicación ;NA;;PRUEBA_BIZTALK_2010_03;Pase EMERGENCIA finalizado correctamente. Comprobar Log de Pase y verificar que no haya errores. En el caso de warnings en el log, analizar las causas, decidir al respecto y reflejar las conclusiones en los comentarios de la ejecución. BORRAR PAQUETE JUSTO DESPUES DE LA EJECUCIÓN YA QUE BLOQUEA EL RESTO DE PASES.;;;;;;;;;;;;;;;;;Automático
CPSCM024;;Definición;DISTRIBUIDOR;NAT:ECLIPSE;Mayor;900;ECLI-01 Carga inicial y distribución plugins  (Eclipse 3.4.1);Carga inicial y distribución de plugins para compilación con la versión de Eclipse 3.4.1;;;;;;;Distribución de la aplicación;NA;;PRUEBAS_ECLIPSE_01;Pase finalizado correctamente. Comprobar Log de Pase y verificar que no haya errores. En el caso de warnings en el log, analizar las causas, decidir al respecto y reflejar las conclusiones en los comentarios de la ejecución.;;;;;;;;;;;;;;;;;Automático
CPSCM025;;Definición;DISTRIBUIDOR;NAT:ECLIPSE;Mayor;900;ECLI-02 Distribución de plugins sin versión en plugin.xml (Eclipse 3.4.1);Distribución de plugins para compilación con la versión de Eclipse 3.4.1. Se ha probado eliminando el atributo version del fichero plugin.xml. ;;;;;;;Distribución de la aplicación;NA;;PRUEBAS_ECLIPSE_01;Pase finalizado correctamente. Comprobar Log de Pase y verificar que no haya errores. En el caso de warnings en el log, analizar las causas, decidir al respecto y reflejar las conclusiones en los comentarios de la ejecución.;;;;;;;;;;;;;;;;;Automático
CPSCM026;;Definición;DISTRIBUIDOR;NAT:ECLIPSE;Mayor;900;ECLI-03 Distribución de plugins probando plugin.xml (Eclipse 3.4.1);Distribución de plugins para compilación con la versión de Eclipse 3.4.1 Se ha probado el archivo plugin.xml. ;;;;;;;Distribución de la aplicación;NA;;PRUEBAS_ECLIPSE_01;Pase finalizado correctamente. Comprobar Log de Pase y verificar que no haya errores. En el caso de warnings en el log, analizar las causas, decidir al respecto y reflejar las conclusiones en los comentarios de la ejecución.;;;;;;;;;;;;;;;;;Automático
CPSCM027;CORE;Definición;DISTRIBUIDOR;NAT:ECLIPSE;Mayor;900;ECLI-04 Actualización Precompilador IAS;Distribución de actualización del precompilador de IAS.;;;;;;;Distribución de la aplicación;NA;;PRUEBAS_ECLIPSE_02;Pase finalizado correctamente. Comprobar Log de Pase y verificar que no haya errores. En el caso de warnings en el log, analizar las causas, decidir al respecto y reflejar las conclusiones en los comentarios de la ejecución.;;;;;;;;;;;;;;;;;Automático
CPSCM028;CORE;Definición;DISTRIBUIDOR;NAT:ECLIPSE;Mayor;900;ECLI-05 Pase Eclipse sin precompilación IAS;Realizar un pase de eclipse que no requiera precompilacion IAS (siguiendo los patrones establecidos);;;;;;;Distribución de la aplicación;NA;;PRUEBAS_ECLIPSE_01;Pase finalizado correctamente. Comprobar Log de Pase y verificar que no haya errores. En el caso de warnings en el log, analizar las causas, decidir al respecto y reflejar las conclusiones en los comentarios de la ejecución.;;;;;;;;;;;;;;;;;Automático
CPSCM029;;Definición;DISTRIBUIDOR;NAT:FICHEROS.AIX;Mayor;900;UN-01 Distribución a directorio sin SGID de grupo;Distribución a directorio destino sin tener SGID de grupo;"Permisos: vtsct.gtsct 770
Directorio Destino tar: No SGID
Ruta inicio DataView: Pruebas_otto\wastest\foo\no-herencia
Ruta Destino: /home/grpt/sct/wastest/foo/no-herencia";;;;;;Distribución de la aplicación;NA;;PRUEBAS_UNIX_01;"Pase finalizado correctamente. Comprobar Log de Pase y verificar que no haya errores. En el caso de warnings en el log, analizar las causas, decidir al respecto y reflejar las conclusiones en los comentarios de la ejecución.
Comprobar distribución de ficheros en las rutas correspondientes.";;;;;;;;;;;;;;;;;Automático
CPSCM030;CORE;Definición;DISTRIBUIDOR;NAT:FICHEROS.AIX;Mayor;900;UN-02 Distribución a directorio con SGID;Distribución a directorio destino con SGID.;"Permisos: vtsct.gtsct 770
Directorio Destino tar: SGID
Ruta inicio DataView: Pruebas_otto\wastest\foo\herencia
Ruta Destino: /home/grpt/sct/wastest/foo/herencia";;;;;;"Distribución de ficheros
Grupo de Despliegue: Funcional de la Aplicación.";NA;;PRUEBAS_UNIX_01;"Pase finalizado correctamente. Comprobar Log de Pase y verificar que no haya errores. En el caso de warnings en el log, analizar las causas, decidir al respecto y reflejar las conclusiones en los comentarios de la ejecución.
Comprobar distribución de ficheros en las rutas correspondientes.";;;;;;;;;;;;;;;;;Automático
CPSCM031;;Definición;DISTRIBUIDOR;NAT:FICHEROS.AIX;Mayor;900;UN-03 Distribución a directorio sin SGID con subdirectorios creados con SGID;Distribución a directorio destino sin tener SGID de grupo, pero con subdirectorios ya creados con SGID.;"Permisos: vtsct.gtsct 770
Directorio Destino tar: No SGID
Ruta inicio DataView: Pruebas_otto\wastest\foo\no-herencia\herencia
Ruta Destino: /home/grpt/sct/wastest/foo/no-herencia/herencia";;;;;;"Distribución de ficheros
Grupo de Despliegue: Funcional de la Aplicación.";NA;;PRUEBAS_UNIX_01;"Pase finalizado correctamente. Comprobar Log de Pase y verificar que no haya errores. En el caso de warnings en el log, analizar las causas, decidir al respecto y reflejar las conclusiones en los comentarios de la ejecución.
Comprobar distribución de ficheros en las rutas correspondientes.";;;;;;;;;;;;;;;;;Automático
CPSCM032;;Definición;DISTRIBUIDOR;NAT:FICHEROS.AIX;Mayor;900;UN-04 Distribución a directorio no existente con padre sin SGID;Distribución a directorio no existente cuyo directorio padre no tenga SGID.;"Permisos: vtsct.gtsct 770
Directorio Destino tar: No existe. Padre sin SGID.
Ruta inicio DataView: Pruebas_otto\wastest\foo\no-herencia\herencia
Ruta Destino: /home/grpt/sct/wastest/foo/no-herencia";;;;;;"Distribución de ficheros
Grupo de Despliegue: Funcional de la Aplicación.";NA;;PRUEBAS_UNIX_01;"Pase finalizado correctamente. Comprobar Log de Pase y verificar que no haya errores. En el caso de warnings en el log, analizar las causas, decidir al respecto y reflejar las conclusiones en los comentarios de la ejecución.
Comprobar distribución de ficheros en las rutas correspondientes.";;;;;;;;;;;;;;;;;Automático
CPSCM033;;Definición;DISTRIBUIDOR;NAT:FICHEROS.AIX;Mayor;900;UN-05 Distribución a directorio no existente con padre sin SGID. Varios niveles;Distribución a directorio no existente cuyo directorio padre no tenga SGID. Prueba a varios niveles.;"Permisos: vtsct.gtsct 770
Directorio Destino tar: No existe. Padre sin SGID.
Ruta inicio DataView: Pruebas_otto\wastest\foo\no-herencia\herencia
Ruta Destino: /home/grpt/sct/wastest/foo/no-herencia/no-herencia";;;;;;"Distribución de ficheros
Grupo de Despliegue: Funcional de la Aplicación.";NA;;PRUEBAS_UNIX_01;"Pase finalizado correctamente. Comprobar Log de Pase y verificar que no haya errores. En el caso de warnings en el log, analizar las causas, decidir al respecto y reflejar las conclusiones en los comentarios de la ejecución.
Comprobar distribución de ficheros en las rutas correspondientes.";;;;;;;;;;;;;;;;;Automático
CPSCM034;CORE;Definición;DISTRIBUIDOR;NAT:FICHEROS.AIX;Mayor;900;UN-06 Distribución a directorio no existente con padre con SGID;Distribución a directorio no existente cuyo padre tenga SGID.;"Permisos: vtsct.gtsct 770
Directorio Destino tar: No existe. Padre con SGID.
Ruta inicio DataView: Pruebas_otto\wastest\foo\herencia\herencia
Ruta Destino: /home/grpt/sct/wastest/foo/herencia/herencia";;;;;;"Distribución de ficheros
Grupo de Despliegue: Funcional de la Aplicación.";NA;;PRUEBAS_UNIX_01;"Pase finalizado correctamente. Comprobar Log de Pase y verificar que no haya errores. En el caso de warnings en el log, analizar las causas, decidir al respecto y reflejar las conclusiones en los comentarios de la ejecución.
Comprobar distribución de ficheros en las rutas correspondientes.";;;;;;;;;;;;;;;;;Automático
CPSCM035;CORE;Definición;DISTRIBUIDOR;NAT:FICHEROS.AIX;Mayor;900;UN-07 Distribución a directorio no existente con padre con SGID. Prueba a varios niveles;Distribución a directorio no existente cuyo padre tenga SGID. Prueba a varios niveles;"Permisos: vtsct.gtsct 770
Directorio Destino tar: No existe. Padre con SGID.
Ruta inicio DataView: Pruebas_otto\wastest\foo\herencia\herencia
Ruta Destino: /home/grpt/sct/wastest/foo/herencia/herencia";;;;;;"Distribución de ficheros
Grupo de Despliegue: Funcional de la Aplicación.";NA;;PRUEBAS_UNIX_01;"Pase finalizado correctamente. Comprobar Log de Pase y verificar que no haya errores. En el caso de warnings en el log, analizar las causas, decidir al respecto y reflejar las conclusiones en los comentarios de la ejecución.
Comprobar distribución de ficheros en las rutas correspondientes.";;;;;;;;;;;;;;;;;Automático
CPSCM036;CORE;Definición;DISTRIBUIDOR;NAT:FICHEROS.AIX;Mayor;900;UN-08 Semáforos;Semáforos: Para dos pases del mismo CAM a la misma máquina y dos pases de distinto CAM a la misma máquina.;;;;;;;"Distribución de ficheros
Grupo de Despliegue: No especificado, se mantiene el que hubiera (p e.: gpwas)";NA;;PRUEBAS_UNIX_01;"Pase finalizado correctamente. Comprobar Log de Pase y verificar que no haya errores. En el caso de warnings en el log, analizar las causas, decidir al respecto y reflejar las conclusiones en los comentarios de la ejecución.
Comprobar distribución de ficheros en las rutas correspondientes.";;;;;;;;;;;;;;;;;Automático
CPSCM037;CORE;Definición;DISTRIBUIDOR;NAT:FICHEROS.AIX;Mayor;900;UN-09 Distribución a directorio sin permisos;Distribución a un directorio sin permisos.;"Permisos: vtsct.gtsct 770
Directorio Destino tar: No tiene permisos.
Ruta inicio DataView: \Pruebas_otto\wastest\appdata\dir-no-perm
Ruta Destino: /home/grpt/sct/wastest/appdata/dir-no-perm";;;;;;"Distribución de ficheros
Grupo de Despliegue: No especificado, se mantiene el que hubiera (p e.: gpwas)";NA;;PRUEBAS_UNIX_01;"Pase finalizado correctamente. Comprobar Log de Pase y verificar que no haya errores. En el caso de warnings en el log, analizar las causas, decidir al respecto y reflejar las conclusiones en los comentarios de la ejecución.
Comprobar distribución de ficheros en las rutas correspondientes.";;;;;;;;;;;;;;;;;Automático
CPSCM038;;Definición;DISTRIBUIDOR;NAT:FICHEROS.AIX;Mayor;900;UN-10 Distribución a directorio con hijo sin permisos;Distribución a un directorio en el que exista un directorio hijo sin permisos (sin relación alguna con el pase);"Permisos: vtsct.gtsct 770
Directorio Destino tar: 
Ruta inicio DataView: \Pruebas_otto\wastest
Ruta Destino: /home/grpt/sct/wastest/";;;;;;"Distribución de ficheros
Grupo de Despliegue: No especificado, se mantiene el que hubiera (p e.: gpwas)";NA;;PRUEBAS_UNIX_01;"Pase finalizado correctamente. Comprobar Log de Pase y verificar que no haya errores. En el caso de warnings en el log, analizar las causas, decidir al respecto y reflejar las conclusiones en los comentarios de la ejecución.
Comprobar distribución de ficheros en las rutas correspondientes.";;;;;;;;;;;;;;;;;Automático
CPSCM039;CORE;Definición;DISTRIBUIDOR;NAT:FICHEROS.AIX;Mayor;900;UN-11 Distribución a un directorio con directorio al mismo nivel sin permisos;Distribución a un directorio en el que exista un directorio sin permisos a mismo nivel;"Permisos: vtsct.gtsct 770
Directorio Destino tar: 
Ruta inicio DataView: \Pruebas_otto\wastest
Ruta Destino: /home/grpt/sct/wastest/";;;;;;"Distribución de ficheros
Grupo de Despliegue: No especificado, se mantiene el que hubiera (p e.: gpwas)";NA;;PRUEBAS_UNIX_01;"Pase finalizado correctamente. Comprobar Log de Pase y verificar que no haya errores. En el caso de warnings en el log, analizar las causas, decidir al respecto y reflejar las conclusiones en los comentarios de la ejecución.
Comprobar distribución de ficheros en las rutas correspondientes.";;;;;;;;;;;;;;;;;Automático
CPSCM040;;Definición;DISTRIBUIDOR;NAT:FICHEROS.AIX;Mayor;900;UN-24 Ficheros con más de 100 caracteres;Distribución de ficheros con nombres de más de 100 caracteres.;LAS SIGUIENTES PRUEBAS SE HARÁN CON ELEMENTOS DE UNIX Y SHARED (o cualquier carpeta que cuelgue de ficheros y no se llame ni UNIX ni WIN). Comprobad en cada caso que se copia tanto en los destinos de Windows como de Unix.;;;;;;"Distribución de ficheros
Entornos: ANTE/PROD";NA;;PRUEBA_FICHEROS_UNI_02;"Pase finalizado correctamente. Comprobar Log de Pase y verificar que no haya errores. En el caso de warnings en el log, analizar las causas, decidir al respecto y reflejar las conclusiones en los comentarios de la ejecución.
Comprobar distribución de ficheros en las rutas correspondientes.";;;;;;;;;;;;;;;;;Automático
CPSCM041;;Definición;DISTRIBUIDOR;NAT:FICHEROS.AIX;Mayor;900;UN-25 Ficheros sin catalogar y RESTORE;Distribución de versión 1 de un grupo de ficheros, con la mitad sin catalogar para que falle el pase, comprobar que restaurar la versión 0 de TODOS los elementos.;LAS SIGUIENTES PRUEBAS SE HARÁN CON ELEMENTOS DE UNIX Y SHARED (o cualquier carpeta que cuelgue de ficheros y no se llame ni UNIX ni WIN). Comprobad en cada caso que se copia tanto en los destinos de Windows como de Unix.;;;;;;"Distribución de ficheros
Entornos: ANTE/PROD";NA;;PRUEBA_FICHEROS_UNI_03;"Pase finalizado correctamente. Comprobar Log de Pase y verificar que no haya errores. En el caso de warnings en el log, analizar las causas, decidir al respecto y reflejar las conclusiones en los comentarios de la ejecución.
Comprobar distribución de ficheros en las rutas correspondientes.";;;;;;;;;;;;;;;;;Automático
CPSCM042;CORE;Definición;DISTRIBUIDOR;NAT:FICHEROS.AIX;Mayor;900;UN-26 Distribución ficheros V0 hasta producción y marcha atrás;Distribución de version 0 hasta producción y marcha atrás, …;LAS SIGUIENTES PRUEBAS SE HARÁN CON ELEMENTOS DE UNIX Y SHARED (o cualquier carpeta que cuelgue de ficheros y no se llame ni UNIX ni WIN). Comprobad en cada caso que se copia tanto en los destinos de Windows como de Unix.;;;;;;"Distribución de ficheros
Entornos: ANTE/PROD";NA;;PRUEBA_FICHEROS_UNI_04;"Pase finalizado correctamente. Comprobar Log de Pase y verificar que no haya errores. En el caso de warnings en el log, analizar las causas, decidir al respecto y reflejar las conclusiones en los comentarios de la ejecución.
Comprobar distribución de ficheros en las rutas correspondientes.";;;;;;;;;;;;;;;;;Automático
CPSCM043;;Definición;DISTRIBUIDOR;NAT:FICHEROS.AIX;Mayor;900;UN-27 Distribución ficheros V1 hasta producción y marcha atrás;Distribución de version 1 hasta producción y marcha atrás para comprobar que deja correctamente la version 0;LAS SIGUIENTES PRUEBAS SE HARÁN CON ELEMENTOS DE UNIX Y SHARED (o cualquier carpeta que cuelgue de ficheros y no se llame ni UNIX ni WIN). Comprobad en cada caso que se copia tanto en los destinos de Windows como de Unix.;;;;;;Distribución hasta producción ficheros V1;NA;;PRUEBA_FICHEROS_UNI_05;"Pase finalizado correctamente. Comprobar Log de Pase y verificar que no haya errores. En el caso de warnings en el log, analizar las causas, decidir al respecto y reflejar las conclusiones en los comentarios de la ejecución.
Comprobar distribución de ficheros en las rutas correspondientes.";;;Marcha atrás de ficheros V1;NA;;PRUEBA_FICHEROS_UNI_05;Comprobar que se restauran correctamente los ficheros V0 existentes previamente;;;;;;;;;;Automático
CPSCM044;CORE;Definición;DISTRIBUIDOR;NAT:FICHEROS.AIX;Mayor;900;UN-28 Distribución con ficheros V0 y V1 de borrado en mismo paquete;Probar distribución de ficheros que tenga la versión 0 y la versión 1 de borrado en el mismo paquete;LAS SIGUIENTES PRUEBAS SE HARÁN CON ELEMENTOS DE UNIX Y SHARED (o cualquier carpeta que cuelgue de ficheros y no se llame ni UNIX ni WIN). Comprobad en cada caso que se copia tanto en los destinos de Windows como de Unix.;;;;;;Distribución de Ficheros;NA;;PRUEBA_FICHEROS_UNI_06;"Pase finalizado correctamente. Comprobar Log de Pase y verificar que no haya errores. En el caso de warnings en el log, analizar las causas, decidir al respecto y reflejar las conclusiones en los comentarios de la ejecución.
Comprobar distribución de ficheros en las rutas correspondientes.";;;;;;;;;;;;;;;;;Automático
CPSCM045;CORE;Definición;DISTRIBUIDOR;NAT:FICHEROS.AIX;Mayor;900;UN-29 Distribución de varios ficheros en distintas carpetas, con carpetas existentes y nuevas;Distribución de varios ficheros en distintas carpetas con carpetas ya existentes y con carpetas nuevas. Comprobar que se crean o actualizan los datos de las otras carpetas.;LAS SIGUIENTES PRUEBAS SE HARÁN CON ELEMENTOS DE UNIX Y SHARED (o cualquier carpeta que cuelgue de ficheros y no se llame ni UNIX ni WIN). Comprobad en cada caso que se copia tanto en los destinos de Windows como de Unix.;;Aplican tanto a WIN como a SHARED;;;;"Distribución de Ficheros
Aplican tanto a WIN como a SHARED";NA;;PRUEBA_FICHEROS_UNI_07;"Pase finalizado correctamente. Comprobar Log de Pase y verificar que no haya errores. En el caso de warnings en el log, analizar las causas, decidir al respecto y reflejar las conclusiones en los comentarios de la ejecución.
Comprobar distribución de ficheros en las rutas correspondientes.";;;;;;;;;;;;;;;;;Automático
CPSCM046;CORE;Definición;DISTRIBUIDOR;NAT:FICHEROS.AIX;Mayor;900;UN-30 Distribución de ficheros Windows sin destino en el formulario de infraestructura;Distribución de varios ficheros sin que estén introducido los destinos de ficheros Windows en el formulario de infraestructura. Este pase falla porque no encuentra donde debe distribuir los ficheros.;LAS SIGUIENTES PRUEBAS SE HARÁN CON ELEMENTOS DE UNIX Y SHARED (o cualquier carpeta que cuelgue de ficheros y no se llame ni UNIX ni WIN). Comprobad en cada caso que se copia tanto en los destinos de Windows como de Unix.;;Aplican tanto a WIN como a SHARED;;;;"Distribución de Ficheros
Aplican tanto a WIN como a SHARED";NA;;PRUEBA_FICHEROS_UNI_08;"Pase finalizado correctamente. Comprobar Log de Pase y verificar que no haya errores. En el caso de warnings en el log, analizar las causas, decidir al respecto y reflejar las conclusiones en los comentarios de la ejecución.
Comprobar distribución de ficheros en las rutas correspondientes.";;;;;;;;;;;;;;;;;Automático
CPSCM047;CORE;Definición;DISTRIBUIDOR;NAT:FICHEROS.AIX;Mayor;900;UN-31 Distribución de ficheros Windows sin algunos destinos en el formulario de infraestructura;Distribución de varios ficheros sin que estén todos introducidos los destinos de ficheros Windows en el formulario de infraestructura. Debería distribuir la mitad de ficheros.;LAS SIGUIENTES PRUEBAS SE HARÁN CON ELEMENTOS DE UNIX Y SHARED (o cualquier carpeta que cuelgue de ficheros y no se llame ni UNIX ni WIN). Comprobad en cada caso que se copia tanto en los destinos de Windows como de Unix.;;Aplican tanto a WIN como a SHARED;;;;"Distribución de Ficheros
Aplican tanto a WIN como a SHARED";NA;;PRUEBA_FICHEROS_UNI_09;"Pase finalizado correctamente. Comprobar Log de Pase y verificar que no haya errores. En el caso de warnings en el log, analizar las causas, decidir al respecto y reflejar las conclusiones en los comentarios de la ejecución.
Comprobar distribución de ficheros en las rutas correspondientes.";;;;;;;;;;;;;;;;;Automático
CPSCM048;;Definición;DISTRIBUIDOR;NAT:FICHEROS.WIN;Mayor;900;WIN-01 Distribución de varios ficheros en distintas carpetas, con carpetas existentes y nuevas;Distribución de varios ficheros en distintas carpetas con carpetas ya existentes y con carpetas nuevas. Comprobar que se crean o actualizan los datos de las otras carpetas.;;;Aplican tanto a WIN como a SHARED;;;;"Distribución de Ficheros
Aplican tanto a WIN como a SHARED";NA;;PRUEBA_FICHEROS_WIN_01;"Pase finalizado correctamente. Comprobar Log de Pase y verificar que no haya errores. En el caso de warnings en el log, analizar las causas, decidir al respecto y reflejar las conclusiones en los comentarios de la ejecución.
Comprobar distribución de ficheros en las rutas correspondientes.";;;;;;;;;;;;;;;;;Automático
CPSCM049;;Definición;DISTRIBUIDOR;NAT:FICHEROS.WIN;Mayor;900;WIN-02 Distribución de ficheros Windows sin destino en el formulario de infraestructura;Distribución de varios ficheros sin que estén introducido los destinos de ficheros Windows en el formulario de infraestructura. Este pase falla porque no encuentra donde debe distribuir los ficheros.;;;Aplican tanto a WIN como a SHARED;;;;"Distribución de Ficheros
Aplican tanto a WIN como a SHARED";NA;;PRUEBA_FICHEROS_WIN_02;"Pase finalizado correctamente. Comprobar Log de Pase y verificar que no haya errores. En el caso de warnings en el log, analizar las causas, decidir al respecto y reflejar las conclusiones en los comentarios de la ejecución.
Comprobar distribución de ficheros en las rutas correspondientes.";;;;;;;;;;;;;;;;;Automático
CPSCM050;;Definición;DISTRIBUIDOR;NAT:FICHEROS.WIN;Mayor;900;WIN-03 Distribución de ficheros Windows sin algunos destinos en el formulario de infraestructura;Distribución de varios ficheros sin que estén todos introducidos los destinos de ficheros Windows en el formulario de infraestructura. Debería distribuir la mitad de ficheros.;;;Aplican tanto a WIN como a SHARED;;;;"Distribución de Ficheros
Aplican tanto a WIN como a SHARED";NA;;PRUEBA_FICHEROS_WIN_03;"Pase finalizado correctamente. Comprobar Log de Pase y verificar que no haya errores. En el caso de warnings en el log, analizar las causas, decidir al respecto y reflejar las conclusiones en los comentarios de la ejecución.
Comprobar distribución de ficheros en las rutas correspondientes.";;;;;;;;;;;;;;;;;Automático
CPSCM051;;Definición;DISTRIBUIDOR;NAT:FICHEROS.WIN;Mayor;900;WIN-04 Ficheros con más de 100 caracteres;Distribución de ficheros con nombres de más de 100 caracteres.;;;;;;;Distribución de Ficheros;NA;;PRUEBA_FICHEROS_WIN_04;"Pase finalizado correctamente. Comprobar Log de Pase y verificar que no haya errores. En el caso de warnings en el log, analizar las causas, decidir al respecto y reflejar las conclusiones en los comentarios de la ejecución.
Comprobar distribución de ficheros en las rutas correspondientes.";;;;;;;;;;;;;;;;;Automático
CPSCM052;;Definición;DISTRIBUIDOR;NAT:FICHEROS.WIN;Mayor;900;WIN-05  Ficheros sin catalogar y RESTORE;Distribución de versión 1 de un grupo de ficheros, con la mitad sin catalogar para que falle el pase, comprobar que restaurar la versión 0 de TODOS los elementos.;;;;;;;"Distribución de ficheros
Entornos: ANTE/PROD";NA;;PRUEBA_FICHEROS_WIN_05;"Pase finalizado correctamente. Comprobar Log de Pase y verificar que no haya errores. En el caso de warnings en el log, analizar las causas, decidir al respecto y reflejar las conclusiones en los comentarios de la ejecución.
Comprobar distribución de ficheros en las rutas correspondientes.";;;;;;;;;;;;;;;;;Automático
CPSCM053;CORE;Definición;DISTRIBUIDOR;NAT:FICHEROS.WIN;Mayor;900;WIN-06 Distribución ficheros V0 hasta producción y marcha atrás;Distribución de version 0 hasta producción y marcha atrás, …;;;;;;;"Distribución de ficheros
Entornos: ANTE/PROD";NA;;PRUEBA_FICHEROS_WIN_06;"Pase finalizado correctamente. Comprobar Log de Pase y verificar que no haya errores. En el caso de warnings en el log, analizar las causas, decidir al respecto y reflejar las conclusiones en los comentarios de la ejecución.
Comprobar distribución de ficheros en las rutas correspondientes.";;;;;;;;;;;;;;;;;Automático
CPSCM054;CORE;Definición;DISTRIBUIDOR;NAT:FICHEROS.WIN;Mayor;900;WIN-07  Distribución ficheros V1 hasta producción y marcha atrás;Distribución de version 1 hasta producción y marcha atrás para comprobar que deja correctamente la version 0;;;;;;;"Distribución de ficheros
Entornos: ANTE/PROD";NA;;PRUEBA_FICHEROS_WIN_07;"Pase finalizado correctamente. Comprobar Log de Pase y verificar que no haya errores. En el caso de warnings en el log, analizar las causas, decidir al respecto y reflejar las conclusiones en los comentarios de la ejecución.
Comprobar distribución de ficheros en las rutas correspondientes.";;;;;;;;;;;;;;;;;Automático
CPSCM055;CORE;Definición;DISTRIBUIDOR;NAT:FICHEROS.WIN;Mayor;900;WIN-08 Distribución con ficheros V0 y V1 de borrado en mismo paquete;Probar distribución de ficheros que tenga la versión 0 y la versión 1 de borrado en el mismo paquete;;;;;;;"Distribución de ficheros
Entornos: ANTE/PROD";NA;;PRUEBA_FICHEROS_WIN_08;"Pase finalizado correctamente. Comprobar Log de Pase y verificar que no haya errores. En el caso de warnings en el log, analizar las causas, decidir al respecto y reflejar las conclusiones en los comentarios de la ejecución.
Comprobar distribución de ficheros en las rutas correspondientes.";;;;;;;;;;;;;;;;;Automático
CPSCM056;CORE;Disponible;DISTRIBUIDOR;NAT:J2EE.GEN;Mayor;900;JAV-01 Prueba Java Normal T/A/P (SCTJ2EE);Carga inicial de una subaplicacion J2EE (Tecnologia Java =J2EE), y distribución a TEST solo en una red. No se copia el config (información para distinguirlo de la prueba siguiente);"Distribución sólo para una red.
No se copia el config (información para distinguirlo de la prueba siguiente).";;;;;;"Distribución de la aplicación.
Entornos: TEST/ANTE";NA;SCT.N-000223 J2EE-6.1-NORMAL EAR (sctj2ee);PRUEBA_J2EE_NORMAL;"Comprobar carga inicial.
Pase finalizado correctamente. Comprobar Log de Pase y verificar que no haya errores. En el caso de warnings en el log, analizar las causas, decidir al respecto y reflejar las conclusiones en los comentarios de la ejecución.";;\\Cntdat01\grp1$\inf\Gen36c2\Productos\SCM\Proyecto Sistema de Gestión de Pruebas SCM\4. Pruebas\Ejecución\2ª Ejecución - 26062013\Log Pase (N_TEST0000025854).mht;"Distribución de la aplicación.
Entornos: ANTE";;SCT.N-000223 J2EE-6.1-NORMAL EAR (sctj2ee);;"
Pase finalizado correctamente. Comprobar Log de Pase y verificar que no haya errores. En el caso de warnings en el log, analizar las causas, decidir al respecto y reflejar las conclusiones en los comentarios de la ejecución.";25883;;;;;;;;;Automático
CPSCM057;CORE;Disponible;DISTRIBUIDOR;NAT:J2EE.GEN;Mayor;900;JAV-11 Prueba J2EE-BDE (SCTJ2EE);Modificamos la tecnología, a J2EE_BDE. Comprobamos que solo para una red al seleccionar esta tecnologia el directorio Config se copiará en el pase.;Distribución sólo en una red y modificar la tecnología a J2EE_BDE;;;;;;"Distribución de la aplicación.
Entornos: TEST/ANTE/PROD";NA;SCT.N-000223 J2EE-6.1-NORMAL EAR (sctj2ee);PRUEBA_J2EE_NORMAL;Pase finalizado correctamente. Comprobar Log de Pase y verificar que no haya errores. En el caso de warnings en el log, analizar las causas, decidir al respecto y reflejar las conclusiones en los comentarios de la ejecución.;;;;;;;;;;;;;;;;;Automático
CPSCM058;CORE;Disponible;DISTRIBUIDOR;NAT:J2EE.GEN;Mayor;900;JAV-21 Prueba IAS  para red interna, red vpn y www (SCT_IAS);Carga inicial  (tecnologia IAS) y distribucion en Red Interna,VPN,W3. La subaplicacion sct_ias estará definida con las 3 redes en el formulario. Sólo se hará un único pase y se comprobará que está distribuyendo a las 3.Al seleccionar esta tecnologia comprobaremos en el pase que el directorio Config se copiará.;Formulario de aplicación (SCT_IAS) definido con las 3 redes.;;;;;;"Distribución de la aplicación. Un único pase para las tres redes.
Entornos: TEST/ANTE/PROD";NA;SCT.N-000221 J2EE-6.1-IAS (sct_ias);PRUEBA_J2EE_IAS;"Pase finalizado correctamente. Comprobar Log de Pase y verificar que no haya errores. En el caso de warnings en el log, analizar las causas, decidir al respecto y reflejar las conclusiones en los comentarios de la ejecución.
Se debe comprobar que está distribuyendo a las tres redes inicialmente indicadas y que, al seleccionar dicha tecnología,  el directorio config se copia.";;;;;;;;;;;;;;;;;Automático
CPSCM059;;Definición;DISTRIBUIDOR;NAT:J2EE.GEN;Mayor;900;JAV-22 Prueba IAS de distribución sin precompilación.;Probar distribución sin precompilación (utilizando la expresión regular de variables de distribuidor IAS_EVITAR_PRECOMP_CONREINICIO y IAS_EVITAR_PRECOMP_SINREINICIO) y comprobar que hace despliegue RAPIDO. En prod debe ignorarlas y hace precomp SIEMPRE.;"Utilizar la expresión regular de variables del distribuidor:
IAS_EVITAR_PRECOMP_CONREINICIO Y IAS_EVITAR_PRECOMP_SINREINICIO";;;;;;"Distribución sin precompilación utilizando la expresión regular de variables de distribuidor:
IAS_EVITAR_PRECOMP_CONREINICIO Y
IAS_EVITAR_PRECOMP_SINREINICIO.
Entornos: TEST/ANTE/PROD";NA;SCT.N-000222 J2EE-6.1-NORMAL ESTÁTICO (sctj2ee);PRUEBA_J2EE_IAS;"Pase finalizado correctamente. Comprobar Log de Pase y verificar que no haya errores. En el caso de warnings en el log, analizar las causas, decidir al respecto y reflejar las conclusiones en los comentarios de la ejecución.
Se debe comprobar que se realiza un pase RÁPIDO.
En PROD debe ignorar las variables señaladas y hacer PRECOMPILACION siempre.";;;;;;;;;;;;;;;;;Automático
CPSCM060;;Definición;DISTRIBUIDOR;NAT:J2EE.GEN;Mayor;900;JAV-31 Prueba EDW4J (SCT_EDW);Este tipo de subaplicación llama al edw4j. La prueba es para comprobar que cualquier aplicación de este tipo funciona en los cambios realizados en el distribuidor. ;;;;;;;"Distribución de la aplicación. Esta aplicación llama al EDW4J.
Entornos: TEST/ANTE/PROD";NA;;PRUEBA_J2EE_EDW;Pase finalizado correctamente. Comprobar Log de Pase y verificar que no haya errores. En el caso de warnings en el log, analizar las causas, decidir al respecto y reflejar las conclusiones en los comentarios de la ejecución.;;;;;;;;;;;;;;;;;Automático
CPSCM061;CORE;Disponible;DISTRIBUIDOR;NAT:J2EE.GEN;Mayor;900;JAV-32 Prueba EDW4J Distribución RÁPIDA (SCT_EDW);Probar distribución RÁPIDA, para ello configuraremos las variables de distribuidor WAS_UPDATEFILES_ENVIRONMENTS, WAS_UPDATEFILES_EXCLUDE_CAMS,WAS_UPDATEFILES_EXTENSIONS, y comprobaremos que al no ser IAS no tiene en cuenta la precompilación. ;"Configurar las variables del distribuidor:
WAS_UPDATEFILES_ENVIRONMENTS = TA
WAS_UPDATEFILES_EXCLUDE_CAMS = SIF, NEL
WAS_UPDATEFILES_EXTENSIONS = jsp, css, gif, jpg, png, htm, html, js, wsdd, xml ";;;;;;Distribución de la aplicación.;NA;SCT.N-000222 J2EE-6.1-NORMAL ESTÁTICO (sctj2ee);PRUEBA_J2EE_EDW;"Pase finalizado correctamente. Comprobar Log de Pase y verificar que no haya errores. En el caso de warnings en el log, analizar las causas, decidir al respecto y reflejar las conclusiones en los comentarios de la ejecución.
Comprobar que al no ser IAS no tiene en cuenta la PRECOMPILACIÓN.";;;;;;;;;;;;;;;;;Automático
CPSCM062;CORE;Disponible;DISTRIBUIDOR;NAT :J2EE.ESTATICO;Mayor;900;JAV-41 Contenido estático únicamente (contenido estático WEB).;Tipo de pase, la tecnología seleccionada da igual y lo mismo para la subaplicación seleccionada. El paquete solo contendrá elementos estáticos, que están dentro de webContent. Lo único que hace es un copy paste en el directorio destino. Dependendiendo de las variables hará despliegue rápido o no.;"Tecnología seleccionada da igual.
Subaplicación seleccionda da igual.
Formulario infraestructura subaplicación con despliegue de estáticos en WEB";;;;;;"Distribución de la aplicación.
Entornos: TEST/ANTE/PROD
Dependiendo de las variables hará despliegue rápido o no.";NA;SCT.N-000222 J2EE-6.1-NORMAL ESTÁTICO (sctj2ee);PRUEBA_J2EE_CONTEST;"Pase finalizado correctamente. Comprobar Log de Pase y verificar que no haya errores. En el caso de warnings en el log, analizar las causas, decidir al respecto y reflejar las conclusiones en los comentarios de la ejecución.
Comprobar que se ha realizado un copy/paste en el directorio destino.
";;;;;;;;;;;;;;;;;Automático
CPSCM063;CORE;Disponible;DISTRIBUIDOR;NAT :J2EE.ESTATICO;Mayor;900;JAV-42 Contenido estático únicamente (contenido estático WAS);Tipo de pase, la tecnología seleccionada da igual y lo mismo para la subaplicación seleccionada. El paquete solo contendrá elementos estáticos, que están dentro de webContent. El despliegue va dentro del ear.;"Tecnología seleccionada da igual.
Subaplicación seleccionda da igual.
Formulario infraestructura subaplicación con despliegue de estáticos en WAS";;;;;;"Distribución de la aplicación.
Entornos: TEST/ANTE/PROD
Dependiendo de las variables hará despliegue rápido o no.";NA;SCT.N-000222 J2EE-6.1-NORMAL ESTÁTICO (sctj2ee);PRUEBA_J2EE_CONTEST;Pase finalizado correctamente. Comprobar Log de Pase y verificar que no haya errores. En el caso de warnings en el log, analizar las causas, decidir al respecto y reflejar las conclusiones en los comentarios de la ejecución.;;;;;;;;;;;;;;;;;Automático
CPSCM064;CORE;Disponible;DISTRIBUIDOR;NAT:J2EE.GEN;Mayor;900;JAV-51 Prueba Config. Distribución sólo cambios CONFIG. (SCT_EDW);Esta prueba consistirá en hacer una distribución solo con cambios de tipo configuración, el tipo de despliegue será CONFIG y en función de las variables de distribuidor WAS_UPDATEFILES_ENVIRONMENTS, WAS_UPDATEFILES_EXCLUDE_CAMS,WAS_UPDATEFILES_EXTENSIONS, hara despliegue rapido (config incremental o no). En esta pruena NO haremos despliegue rapido.;"Sólo cambios tipo CONFIG.
Tipo de despliegue CONFIG.
En función de las variables:
WAS_UPDATEFILES_ENVIROMENTS
WAS_UPDATEFILES_EXCLUDE_CAMS
WAS_UPDATEFILES_EXTENSIONS";;;;;;"Distribución de la aplicación.
En esta prueba NO haremos despliegue rápido.";NA;SCT.N-000232 J2EE-6.1-CONFIG_ONLY (sct_edw);PRUEBA_J2EE_CONFIG;Pase finalizado correctamente. Comprobar Log de Pase y verificar que no haya errores. En el caso de warnings en el log, analizar las causas, decidir al respecto y reflejar las conclusiones en los comentarios de la ejecución.;;;;;;;;;;;;;;;;;Automático
CPSCM065;CORE;Disponible;DISTRIBUIDOR;NAT:J2EE.GEN;Mayor;900;JAV-52 Prueba Config. Distribución sólo cambios CONFIG. Sí se hace despliegue rápido. (SCT_EDW);Esta prueba consistirá en hacer una distribución solo con cambios de tipo configuración, el tipo de despliegue será CONFIG y en función de las variables de distribuidor WAS_UPDATEFILES_ENVIRONMENTS, WAS_UPDATEFILES_EXCLUDE_CAMS,WAS_UPDATEFILES_EXTENSIONS, hara despliegue rapido (config incremental o no). En esta pruena SI haremos despliegue rapido.;"Sólo cambios tipo CONFIG.
Tipo de despliegue CONFIG.
En función de las variables:
WAS_UPDATEFILES_ENVIROMENTS = TA
WAS_UPDATEFILES_EXCLUDE_CAMS = SIF, NEL
WAS_UPDATEFILES_EXTENSIONS = jsp, css, gif, jpg, png, htm, html, js, wsdd, xml";;;;;;"Distribución de la aplicación.
En esta prueba SÍ haremos despliegue rápido.";NA;SCT.N-000282 PRUEBA J2EE DESPLIEGUE (config);PRUEBA_J2EE_CONFIG;Pase finalizado correctamente. Comprobar Log de Pase y verificar que no haya errores. En el caso de warnings en el log, analizar las causas, decidir al respecto y reflejar las conclusiones en los comentarios de la ejecución.;;;;;;;;;;;;;;;;;Automático
CPSCM066;CORE;Disponible;DISTRIBUIDOR;NAT:J2EE.GEN;Mayor;900;JAV-53 Prueba Config. Aplicación SIN precompilación (SCT_IAS);Esta prueba consistirá en hacer una distribución solo con cambios de tipo configuración, se forzará para que sea una aplicación que NO precompila(utilizando la expresión regular de variables de distribuidor IAS_EVITAR_PRECOMP_CONREINICIO y IAS_EVITAR_PRECOMP_SINREINICIO)  y que por tanto haga config incremental (despliegue rapido) independientemente de las variables: WAS_UPDATEFILES_ENVIRONMENTS, WAS_UPDATEFILES_EXCLUDE_CAMS,WAS_UPDATEFILES_EXTENSIONS.;"Sólo cambios tipo CONFIG.
Aplicación SIN precompilación usando las variables:
IAS_EVITAR_PRECOMP_CONREINICIO = .*_WEB/Config/Aplicacion/be.*_configapl\.properties|.*_WEB/Config/Auditoria/auditoria\.xml|.*_WEB/Config/Cache/ehcache\.xml|.*_WEB/Config/DefXML/Canales|.*_WEB/Config/Aplicacion/be.*_configapl\.properties|.*_WEB/Config/Auditoria/auditoria\.xml|.*_WEB/Config/Cache/ehcache\.xml|.*_WEB/Config/DefXML/Canales/beias_canalesServicios\.xml|.*_WEB/Config/DefXML/ConexionesServicio/beias_conexionesServicios\.xml|.*_WEB/Config/DefXML/ConexionesServicio/beias_conexionesServicios\.xml|.*_WEB/Config/GestorDeFicheros/mimetypes\.properties|.*_WEB/Config/Init/beias_configarq\.properties|.*_WEB/Config/Mail/mail.*\.properties|.*_WEB/Config/Pki/.*\.(?:p12|properties)|.*_WEB/Config/Traza/log4j.*\.properties|.*_WEB/Config/WebServices/client-config\.wsdd|.*_WEB/WebContent/arq/jsp/.*\.jsp|.*_WEB/WebContent/WEB-INF/ibm-web-(?:bnd|ext)\.(?:xmi|xml)|.*_WEB/WebContent/WEB-INF/(?:faces-config\.xml|server-config\.wsdd)
Y
 IAS_EVITAR_PRECOMP_SINREINICIO = .*_WEB/Config/Ebr/plantillaEBR.*\.beebr|.*_WEB/Config/Password|.*_WEB/Config/Pdf/.*\.pdf|.*_WEB/Config/Xsd/.*\.xsd|.*_WEB/Config/Xsl/.*\.xsl|.*_WEB/Documentaci(?:o|ó)n|.*_WEB/FileUpload/|.*_WEB/WebContent/.*(?i:\.html|\.htm|\.gif|\.js|\.css|\.htc|\.jpg|\.jpeg|\.txt|\.png)

Independiente de las variables:
WAS_UPDATEFILES_ENVIROMENTS
WAS_UPDATEFILES_EXCLUDE_CAMS
WAS_UPDATEFILES_EXTENSIONS";;;;;;Distribución de la aplicación.;NA;SCT.N-000282 PRUEBA J2EE DESPLIEGUE (config);PRUEBA_J2EE_CONFIG;Pase finalizado correctamente. Comprobar Log de Pase y verificar que no haya errores. En el caso de warnings en el log, analizar las causas, decidir al respecto y reflejar las conclusiones en los comentarios de la ejecución.;;;;;;;;;;;;;;;;;Automático
CPSCM067;CORE;Disponible;DISTRIBUIDOR;NAT:J2EE.GEN;Mayor;900;JAV-54 Prueba Config. Aplicación CON precompilación (SCT_IAS);Esta prueba consistirá en hacer una distribución solo con cambios de tipo configuración, se forzará para que sea una aplicación que precompila(utilizando la expresión regular de variables de distribuidor IAS_EVITAR_PRECOMP_CONREINICIO y IAS_EVITAR_PRECOMP_SINREINICIO)  y que por tanto para hacer config incremental (despliegue rapido) tendrá en cuenta las variables: WAS_UPDATEFILES_ENVIRONMENTS, WAS_UPDATEFILES_EXCLUDE_CAMS,WAS_UPDATEFILES_EXTENSIONS.;"Sólo cambios tipo CONFIG.
Aplicación CON precompilación usando las variables:
IAS_EVITAR_PRECOMP_CONREINICIO = .*_WEB/Config/Aplicacion/be.*_configapl\.properties|.*_WEB/Config/Auditoria/auditoria\.xml|.*_WEB/Config/Cache/ehcache\.xml|.*_WEB/Config/DefXML/Canales|.*_WEB/Config/Aplicacion/be.*_configapl\.properties|.*_WEB/Config/Auditoria/auditoria\.xml|.*_WEB/Config/Cache/ehcache\.xml|.*_WEB/Config/DefXML/Canales/beias_canalesServicios\.xml|.*_WEB/Config/DefXML/ConexionesServicio/beias_conexionesServicios\.xml|.*_WEB/Config/DefXML/ConexionesServicio/beias_conexionesServicios\.xml|.*_WEB/Config/GestorDeFicheros/mimetypes\.properties|.*_WEB/Config/Init/beias_configarq\.properties|.*_WEB/Config/Mail/mail.*\.properties|.*_WEB/Config/Pki/.*\.(?:p12|properties)|.*_WEB/Config/Traza/log4j.*\.properties|.*_WEB/Config/WebServices/client-config\.wsdd|.*_WEB/WebContent/arq/jsp/.*\.jsp|.*_WEB/WebContent/WEB-INF/ibm-web-(?:bnd|ext)\.(?:xmi|xml)|.*_WEB/WebContent/WEB-INF/(?:faces-config\.xml|server-config\.wsdd)
Y 
IAS_EVITAR_PRECOMP_SINREINICIO = .*_WEB/Config/Ebr/plantillaEBR.*\.beebr|.*_WEB/Config/Password|.*_WEB/Config/Pdf/.*\.pdf|.*_WEB/Config/Xsd/.*\.xsd|.*_WEB/Config/Xsl/.*\.xsl|.*_WEB/Documentaci(?:o|ó)n|.*_WEB/FileUpload/|.*_WEB/WebContent/.*(?i:\.html|\.htm|\.gif|\.js|\.css|\.htc|\.jpg|\.jpeg|\.txt|\.png)

Para hacer config incremental tendrá en cuanta las variables:
WAS_UPDATEFILES_ENVIROMENTS
WAS_UPDATEFILES_EXCLUDE_CAMS
WAS_UPDATEFILES_EXTENSIONS";;;;;;Distribución de la aplicación.;NA;SCT.N-000282 PRUEBA J2EE DESPLIEGUE (config);PRUEBA_J2EE_CONFIG;Pase finalizado correctamente. Comprobar Log de Pase y verificar que no haya errores. En el caso de warnings en el log, analizar las causas, decidir al respecto y reflejar las conclusiones en los comentarios de la ejecución.;;;;;;;;;;;;;;;;;Automático
CPSCM068;CORE;Definición;DISTRIBUIDOR;NAT:J2EE.GEN;Mayor;900;JAV-61 Prueba IAS-BATCH (SCT_BATCH);PENDIENTE DE DEFINICIÓN;PENDIENTE DE DEFINICIÓN;;;;;;PENDIENTE DE DEFINICIÓN;NA;;PRUEBA_J2EE_IASBATCH_WIN;PENDIENTE DE DEFINICIÓN;;;;;;;;;;;;;;;;;Automático
CPSCM069;CORE;Definición;DISTRIBUIDOR;NAT:J2EE.GEN;Mayor;900;JAV-71 Librerías públicas (RIA p.e);La idea es hacer una distribución de una aplicación pública tipo J2EE, comprobar que una vez finalizado el pase aparece en PUBLICO. Comprobar el ciclo de vida de estas aplicaciones.;PENDIENTE DE DEFINICIÓN;;;;;;;;;;;;;;;;;;;;;;;;;;;Automático
CPSCM070;CORE;Disponible;DISTRIBUIDOR;NAT:J2EE.GEN;Mayor;900;JAV-91 Pase Rápido;Realizar un páse rápido.;El pase debe ser RÁPIDO.;;;;;;Distribución de la aplicación.;NA;SCT.N-000250 PRUEBA_J2EE_NORMAL_01 (sctmain 6.1);PRUEBA_J2EE_RAPIDO;Pase finalizado correctamente. Comprobar Log de Pase y verificar que no haya errores. En el caso de warnings en el log, analizar las causas, decidir al respecto y reflejar las conclusiones en los comentarios de la ejecución.;;;;;;;;;;;;;;;;;Automático
CPSCM071;CORE;Definición;DISTRIBUIDOR;NAT:J2EE.GEN;Mayor;900;JAV-101 Pase Correctivo;Realizar un páse correctivo.;El pase debe ser CORRECTIVO.;;;;;;Distribución de la aplicación.;NA;SCT.N-000329 J2EE CORRECTIVO;PRUEBA_J2EE_CORREC;Pase finalizado correctamente. Comprobar Log de Pase y verificar que no haya errores. En el caso de warnings en el log, analizar las causas, decidir al respecto y reflejar las conclusiones en los comentarios de la ejecución.;;;;;;;;;;;;;;;;;Automático
CPSCM072;CORE;Disponible;DISTRIBUIDOR;NAT:J2EE.GEN;Mayor;900;JAV-111 Pase Emergencia;Realizar un páse emergencia.;El pase debe ser de EMERGENCIA.;;;;;;Distribución de la aplicación.;NA;SCT.E-000330 J2EE EMERGENCIA;PRUEBA_J2EE_EMER;Pase finalizado correctamente. Comprobar Log de Pase y verificar que no haya errores. En el caso de warnings en el log, analizar las causas, decidir al respecto y reflejar las conclusiones en los comentarios de la ejecución.;;;;;;;;;;;;;;;;;Automático
CPSCM073;CORE;Disponible;DISTRIBUIDOR;NAT:J2EE.GEN;Mayor;900;JAV-121 Prueba acceso links.;Comprobar que en los pases se acceden a todos los links de la derecha correctamente. Especialmente la foto de la infraestructura en el momento del pase.;Pases ejecutados y logs disponibles en el Monitor de Pases.;;;;;;Acceder LOGS de pases ejecutados.;NA;SCT.N-000223 J2EE-6.1-NORMAL EAR (sctj2ee);;Pase finalizado correctamente o no. Independientemente del resultado del pase se debe verificar y comprobar que en los pases se acceden a todos los links de la derecha correctamente. Especialmente la foto de la infraestructura en el momento del pase.;;;;;;;;;;;;;;;;;Automático
CPSCM074;CORE;Definición;DISTRIBUIDOR;NAT:.NET.GEN;Mayor;900;NET-01 Biblioteca Servidor (SCT_NET);"Tendremos que haber catalogado en el paquete previamente el proyecto con Biblioteca Servidor e indicaremos el servidor en ""Servidores destino SCM (proyectos bibliotecas de servidor) "". Comprobar que la aplicación se copia en el destino especificado en el formulario de infraestructura";"Catalogar en el paquete previamente el proyecto con ""Biblioteca Servidor"".";;"Indicar el servidor destivo en ""Servidores destino SCM (proyectos bibliotecas de servidor).""";;;;Distribución de la aplicación.;NA;;PRUEBA_NET_BSER;"Pase finalizado correctamente. Comprobar Log de Pase y verificar que no haya errores. En el caso de warnings en el log, analizar las causas, decidir al respecto y reflejar las conclusiones en los comentarios de la ejecución.
Comprobar que la aplicación se copia en el destino especificado en el formulario de infraestructura";;;;;;;;;;;;;;;;;Automático